Creator,Active/Inactive,R Date,Creators Searched,Trackers Created,Revenue,Campaign Created,Talent List Created,Saas Signup,Duration
Ann Katz,0,3/14/2010,3,"14,141",18888,24,"6,783",10,00:01:15
Jon Kendall,0,3/14/2010,1,"14,141",6296,24,"6,783",10,00:01:15
Jason Bray,0,3/4/2010,1,"11,769",3550,24,"3,500",10,00:01:15
Gerald Petty,0,3/4/2010,1,68,3550,24,"3,500",10,00:01:15
Vickie Morse,0,2/13/2010,2,"1,597",3787,15,"2,036",10,00:01:15
Franklin Spencer,0,2/19/2010,5,"1,511",8768,14,"1,938",10,00:01:15
Julie Porter,0,2/8/2010,1,"2,531",919,14,"1,000",10,00:01:15
Carole Gould,0,2/8/2010,2,"2,531",1838,14,"1,000",10,00:01:15
Carl McLean,1,1/10/2010,6,"3,602",5220,20,897,5,00:01:15
Maria Dale,0,1/26/2010,8,"4,861",7045,45,881,5,00:01:15
Tammy Buckley,0,1/26/2010,32,"3,006",28180,45,881,5,00:01:15
Kristin Richards,0,12/30/2013,2,"1,237",1607,24,833,5,00:01:15
Rodney Proctor,0,12/30/2013,1,676,803,24,833,5,00:01:15
Roger Ray,0,2/20/2010,4,325,2630,24,700,5,00:01:15
Danielle Daniel,0,2/20/2010,15,325,9863,24,700,5,00:01:15
Edwin Vaughan,0,1/8/2014,96,80,55641,24,600,5,00:01:15
Michele Bullard,0,2/4/2010,8,"2,861",4146,24,575,4,00:01:15
Gretchen McKinney,0,2/4/2010,31,"2,967",16067,24,575,4,00:01:15
Jason Fink,0,3/7/2010,5,909,2355,17,517,4,00:01:15
Joyce Murray,0,3/7/2010,20,909,9418,17,517,4,00:01:15
Peter McConnell,0,2/6/2010,39,"8,735",15261,28,501,4,00:01:15
Danielle Baird,0,2/6/2010,10,"2,700",3913,28,501,4,00:01:15
Keith Marsh,0,2/27/2010,5,"1,774",2570,24,500,4,00:01:15
Leah Henderson,0,2/22/2010,40,"6,840",19100,15,442,4,00:01:15
Ellen Beck,0,2/22/2010,10,"3,295",4775,15,442,4,00:01:15
Christina Hayes,0,2/1/2010,10,163,4249,20,421,4,00:01:15
Joyce Kern,0,2/16/2010,12,575,4911,75,417,4,00:01:15
Faye Dyer,0,3/13/2010,33,"5,255",12215,48,401,1,00:01:15
Thelma Holt,0,3/13/2010,8,45,2961,48,401,1,00:01:15
Jim Hinson,0,1/28/2010,24,22,7332,86,376,1,00:01:15
Tara Gold,0,1/22/2010,33,465,11336,59,356,1,00:01:15
Mitchell H Beach,0,1/22/2010,8,883,2748,59,356,1,00:01:15
Eileen McDonald,0,2/20/2010,8,"1,240",2815,59,356,1,00:01:15
Cathy Simon,0,2/20/2010,30,"1,240",10555,59,356,1,00:01:15
Tom C Frederick,1,1/14/2010,12,238,4080,39,351,1,00:01:15
Katharine Hudson,1,1/14/2010,3,451,1020,39,351,1,00:01:15
Darlene McLaughlin,0,1/20/2010,6,"1,470",2130,39,351,1,00:01:15
Carolyn Fisher,0,1/20/2010,25,949,8875,39,351,1,00:01:15
Glen Cassidy,0,2/16/2010,2,94,663,40,348,1,00:01:15
Grace McNeill Hunt,0,2/16/2010,8,94,2651,40,348,1,00:01:15
Edna Thomas,0,1/19/2010,6,412,1968,91,328,1,00:01:15
Joy Maxwell,0,1/19/2010,24,217,7872,91,328,1,00:01:15
Molly Browning,0,2/25/2010,12,"2,653",3845,165,301,1,00:01:15
Gregory Sawyer,0,2/25/2010,46,"3,408",14741,165,301,1,00:01:15
Edna Burgess,0,3/15/2010,3,49,974,65,301,1,00:01:15
Daniel Richmond,1,1/15/2010,49,"1,965",15137,15,298,1,00:01:15
Nicole Sawyer,1,1/15/2010,12,49,3707,15,298,1,00:01:15
Annie Sherrill,0,3/12/2010,5,187,1430,54,296,1,00:01:15
Claire Warren,0,2/27/2010,39,"2,816",11613,43,295,1,00:01:15
Scott Bunn,1,1/2/2010,4,309,1239,49,292,1,00:01:15
James Beck,0,3/5/2010,14,478,3951,57,281,1,00:01:15
Lorraine Boykin,0,3/5/2010,4,"1,142",1129,57,281,1,00:01:15
Jerome Woodruff,0,1/22/2010,16,334,4407,23,280,1,00:01:15
Claude Cannon,0,2/6/2010,6,"1,104",1600,23,280,1,00:01:15
Kevin Ennis,0,2/6/2010,23,"1,243",6133,23,280,1,00:01:15
Kent Burton,0,2/13/2010,36,96,9757,50,271,1,00:01:15
Alexandra Aycock,0,2/13/2010,9,28,2439,50,271,1,00:01:15
Lewis Baldwin,0,2/6/2010,30,912,6589,67,260,1,00:01:15
Jeff Spivey,0,2/6/2010,8,14,1757,67,260,1,00:01:15
Suzanne Cochran,0,2/26/2010,11,203,2770,67,260,1,00:01:15
Guy McDonald,1,1/6/2010,1,163,249,43,244,1,00:01:15
Carlos Byrd,1,1/6/2010,5,210,1244,43,244,1,00:01:15
Vincent Hale,0,1/31/2010,1,273,261,60,241,1,00:01:15
Joe Baldwin,0,1/26/2010,8,875,1775,24,238,1,00:01:15
Beth Dolan,0,1/26/2010,30,461,6654,24,238,1,00:01:15
Tracy Simmons,0,2/15/2010,9,"1,192",1770,59,237,1,00:01:15
Arnold Gay,0,2/15/2010,34,"1,192",6686,59,237,1,00:01:15
Alan Morris,0,3/10/2010,4,502,925,24,231,1,00:01:15
Phillip Holmes,0,2/1/2010,10,656,2285,70,219,1,00:01:15
Wesley Waller,0,2/1/2010,40,846,9142,70,219,1,00:01:15
Courtney Wheeler,0,2/18/2010,8,533,1750,70,219,1,00:01:15
Jack Horn,0,1/23/2010,39,607,8865,29,218,1,00:01:15
Scott Feldman,0,1/23/2010,10,394,2273,29,218,1,00:01:15
Ron Newton,1,1/4/2010,4,149,698,52,213,1,00:01:15
Linda Weiss,1,1/4/2010,1,274,175,52,213,1,00:01:15
Maureen Stout,1,1/5/2010,1,561,224,15,213,1,00:01:15
Laura Duke,1,1/6/2010,10,"1,508",2185,21,210,3,00:01:15
Kyle Fink,1,1/6/2010,41,"1,037",8958,21,210,3,00:01:15
Gretchen Ball,0,1/21/2010,5,684,991,1,207,3,00:01:15
Charlotte L Doyle,0,1/21/2010,18,433,3568,1,207,3,00:01:15
Doris Fitzpatrick,0,1/28/2010,10,997,1611,3,206,3,00:01:15
Cheryl Honeycutt,0,1/28/2010,38,525,6121,3,206,3,00:01:15
Toni Faircloth,0,2/8/2010,4,803,706,9,206,3,00:01:15
Penny O Caldwell,0,2/8/2010,1,"1,088",176,9,206,3,00:01:15
Lynda Herman,0,2/12/2010,12,111,2119,9,206,3,00:01:15
Kathy Lutz,0,2/12/2010,18,252,3015,9,206,3,00:01:15
Megan York,0,2/12/2010,5,"1,964",838,9,206,3,00:01:15
Arthur Forbes,0,3/8/2010,6,693,974,9,206,3,00:01:15
Karen Warren,0,3/8/2010,2,147,325,9,206,3,00:01:15
Tony Chandler,0,1/26/2010,5,728,1055,24,200,3,00:01:15
Arlene Bowman,0,1/26/2010,21,393,4430,24,200,3,00:01:15
Ronnie Kessler O'Connor,0,2/12/2010,2,655,309,4,196,3,00:01:15
Erica R Fuller,0,2/12/2010,6,655,927,4,196,3,00:01:15
Danielle Pearson,0,2/28/2010,6,349,949,9,196,3,00:01:15
Michelle Steele,0,2/28/2010,23,349,3638,9,196,3,00:01:15
Joyce Knox,0,2/15/2010,11,"1,545",2239,12,194,3,00:01:15
Sharon Jones,0,2/15/2010,42,"2,861",8549,12,194,3,00:01:15
Dana Teague,0,3/12/2010,5,282,971,20,193,3,00:01:15
Herbert Clayton,0,3/12/2010,18,282,3497,20,193,3,00:01:15
Christina Griffin,0,1/23/2010,27,325,4585,20,180,3,00:01:15
Katie Herndon,0,1/23/2010,7,733,1189,20,180,3,00:01:15
Angela Rose,0,2/8/2010,1,427,180,20,180,3,00:01:15
Amy Harris,0,2/8/2010,4,569,718,20,180,3,00:01:15
Dorothy Rowland,0,3/14/2010,6,4,934,29,179,3,00:01:15
Douglas Lyon,0,2/7/2010,3,171,540,20,178,3,00:01:15
Sally Dunn,0,2/7/2010,1,171,180,20,178,3,00:01:15
Jeanne Werner,0,2/14/2010,4,320,677,12,176,3,00:01:15
Sandra Sharma,0,2/14/2010,14,320,2368,12,176,3,00:01:15
Karl S Johnson,0,3/2/2010,15,81,2212,5,176,3,00:01:15
Calvin Conway,0,3/2/2010,4,101,590,5,176,3,00:01:15
Cathy Shea,0,3/4/2010,1,120,199,36,171,3,00:01:15
Maurice Kelly,0,3/4/2010,1,120,199,36,171,3,00:01:15
Seth Davies,0,1/2/2014,20,"2,319",3361,20,163,3,00:01:15
Lori Wolfe,1,1/12/2010,3,287,524,20,162,3,00:01:15
Carrie High,0,3/8/2010,15,244,2466,20,162,3,00:01:15
Joan Oakley Schaefer,0,3/8/2010,4,665,658,20,162,3,00:01:15
Andrew Gonzalez,0,1/31/2010,11,357,1635,30,161,4,00:01:15
Michael Shaffer,0,1/31/2010,42,188,6244,30,161,4,00:01:15
Greg West,0,2/10/2010,11,"1,273",1845,30,161,4,00:01:15
Sidney Walton,0,2/10/2010,45,"1,385",7549,30,161,4,00:01:15
Wade Barber,1,1/9/2010,32,575,4902,7,155,4,00:01:15
Anna Burgess,1,1/9/2010,8,846,1226,7,155,4,00:01:15
Vincent Daniel,0,2/3/2010,8,372,1216,69,154,4,00:01:15
Sharon Ellis,0,2/3/2010,31,372,4713,69,154,4,00:01:15
Harry Sellers,1,1/8/2010,23,45,3674,30,151,4,00:01:15
Sherri P Stephens,1,1/8/2010,6,131,958,30,151,4,00:01:15
Erika Jordan,0,1/27/2010,31,708,4587,14,151,4,00:01:15
Gail Lin,0,1/27/2010,8,4,1184,14,151,4,00:01:15
Beverly Cooke Brooks,0,2/15/2010,6,606,878,14,151,4,00:01:15
Lindsay Link,0,2/15/2010,22,"1,047",3221,14,151,4,00:01:15
Rachel Casey,0,2/5/2010,43,"2,111",6089,80,146,4,00:01:15
Marvin Rollins,0,2/5/2010,11,28,1558,80,146,4,00:01:15
Milton Lindsay,1,1/18/2010,3,605,445,18,145,4,00:01:15
Holly Rodriguez,0,2/4/2010,8,752,1118,18,145,4,00:01:15
Larry Langston,0,1/23/2010,27,368,3970,53,141,4,00:01:15
Dennis Paul,0,2/26/2010,4,322,599,35,138,4,00:01:15
Jessie Kelly,0,2/26/2010,17,322,2546,35,138,4,00:01:15
Francis I Davis,0,3/6/2010,10,341,1372,55,131,4,00:01:15
Glenda Marsh,0,3/6/2010,3,15,412,55,131,4,00:01:15
Bobby Powell,1,1/5/2010,6,455,660,5,126,4,00:01:15
Marshall Xu,1,1/5/2010,25,267,2750,5,126,4,00:01:15
Gina Garrett,1,1/16/2010,1,628,108,9,126,4,00:01:15
Leroy Field,1,1/16/2010,1,810,108,9,126,4,00:01:15
Bradley Locklear,0,1/21/2010,6,426,681,9,126,4,00:01:15
Lloyd Dolan,0,1/21/2010,25,224,2836,9,126,4,00:01:15
Laurie Howe,0,1/19/2010,3,816,337,3,126,4,00:01:15
Herbert Beard,0,1/28/2010,15,69,1532,9,126,4,00:01:15
Janice Miller,0,1/28/2010,4,18,409,9,126,4,00:01:15
Claudia Kirkland,0,2/9/2010,28,377,2814,8,126,4,00:01:15
Nicole Pope,0,2/9/2010,7,377,703,8,126,4,00:01:15
Pat Baker,0,2/28/2010,29,372,2823,4,126,4,00:01:15
Kathryn Wolfe,0,2/28/2010,7,372,681,4,126,4,00:01:15
Arnold Desai,0,3/13/2010,1,604,101,3,126,4,00:01:15
William Woodard,0,3/13/2010,2,604,201,3,126,4,00:01:15
Neil Sims,0,2/4/2010,12,"2,427",1401,70,123,4,00:01:15
Vernon Stark,0,2/4/2010,49,"2,427",5719,70,123,4,00:01:15
Allison Peacock,0,1/2/2014,1,28,201,70,123,4,00:01:15
Sharon Long,0,2/15/2010,11,"1,331",1371,59,121,4,00:01:15
Chris Ford,0,2/15/2010,44,"1,331",5484,59,121,4,00:01:15
Lois Hansen,0,3/9/2010,18,690,1979,9,121,4,00:01:15
Nathan Holder,0,3/9/2010,5,379,550,9,121,4,00:01:15
Annette Boone,0,1/20/2010,5,126,616,56,120,4,00:01:15
Harry Camp,0,1/20/2010,18,163,2216,56,120,4,00:01:15
Benjamin Gunter,0,1/16/2010,21,352,2364,56,116,4,00:01:15
Joan Beach,0,1/16/2010,5,273,563,56,116,4,00:01:15
Joel Buckley,0,1/23/2010,25,221,2571,6,116,4,00:01:15
Laurie Petty,0,2/14/2010,10,653,946,3,116,4,00:01:15
Sidney Bowling,0,3/8/2010,3,127,356,30,114,4,00:01:15
Billie Fowler,1,1/6/2010,2,264,189,3,111,4,00:01:15
Edna Michael,0,1/29/2010,4,659,377,3,111,4,00:01:15
Shawn Combs,0,1/29/2010,1,40,94,3,111,4,00:01:15
Diana Coble Hubbard,0,3/6/2010,25,554,2554,6,108,4,00:01:15
Kevin Beck,0,3/6/2010,6,89,613,6,108,4,00:01:15
Alison Stewart,0,2/11/2010,5,349,507,14,106,4,00:01:15
Tommy Honeycutt,0,1/22/2010,40,325,4153,24,105,4,00:01:15
Earl B Hull,0,1/22/2010,10,618,1038,24,105,4,00:01:15
Jane Shah,1,1/4/2010,43,"1,680",4083,45,101,4,00:01:15
Patsy Shea,0,3/12/2010,46,"1,391",5074,57,101,4,00:01:15
Nicholas Watts Cassidy,0,3/12/2010,6,194,609,20,100,4,00:01:15
Zachary Maynard,0,3/12/2010,2,90,203,20,100,4,00:01:15
Benjamin Lam,0,3/14/2010,3,128,290,20,100,4,00:01:15
Kate Peck,0,3/14/2010,11,128,1064,20,100,4,00:01:15
Bobby Lawson,0,3/14/2010,6,294,598,20,100,4,00:01:15
Arnold Johnson,0,3/14/2010,25,294,2493,20,100,4,00:01:15
Anita Hahn,1,1/3/2010,2,425,194,35,96,4,00:01:15
Dale Lanier,0,1/31/2010,4,34,321,5,96,4,00:01:15
Nathan Garcia,0,1/23/2010,11,906,1010,40,92,4,00:01:15
Marian Willis,0,3/4/2010,20,3,1847,40,92,4,00:01:15
Paul Tate,0,1/28/2010,12,"1,921",1058,56,91,4,00:01:15
Elsie Pridgen,0,2/5/2010,42,"1,396",3610,56,91,4,00:01:15
Caroline Johnston,0,3/3/2010,3,35,260,14,91,4,00:01:15
Helen Duke,0,3/3/2010,10,35,867,14,91,4,00:01:15
Alfred Singh,0,1/19/2010,3,81,299,20,90,4,00:01:15
Nancy Snyder,0,1/19/2010,1,15,100,20,90,4,00:01:15
Helen H Heller,0,2/4/2010,38,"1,166",3153,6,83,4,00:01:15
Tonya Proctor,0,1/24/2010,3,409,268,35,81,4,00:01:15
Donna Craven,0,1/24/2010,13,528,1161,35,81,4,00:01:15
Erika Olson,0,2/3/2010,41,349,3279,34,81,4,00:01:15
Maureen Herbert Hood,0,2/3/2010,10,15,800,34,81,4,00:01:15
Emma Buckley,0,2/14/2010,11,565,904,30,81,4,00:01:15
Paige Hawley,0,2/14/2010,45,565,3699,30,81,4,00:01:15
Marvin Reid,0,2/27/2010,8,685,683,35,81,4,00:01:15
Bradley Parrott,0,2/27/2010,31,685,2646,35,81,4,00:01:15
Tracy Livingston,0,3/11/2010,3,149,232,34,81,4,00:01:15
Kerry Jernigan,0,3/11/2010,11,149,851,34,81,4,00:01:15
Julia Collier,0,2/2/2010,6,56,451,14,79,4,00:01:15
Luis Fitzpatrick,0,2/16/2010,34,876,2548,20,79,4,00:01:15
Renee Alston,0,2/16/2010,9,465,675,20,79,4,00:01:15
Sylvia Kumar,1,1/10/2010,1,326,79,15,74,4,00:01:15
Tony Doyle,1,1/10/2010,2,421,158,15,74,4,00:01:15
Rosemary Branch,0,1/25/2010,18,38,1383,12,74,4,00:01:15
Kerry Hardy,0,1/25/2010,5,29,384,12,74,4,00:01:15
Stacy Chang,0,3/13/2010,5,230,347,4,74,4,00:01:15
Paula Riddle,0,3/14/2010,4,89,306,15,74,4,00:01:15
Walter A Coates,1,1/11/2010,8,851,552,47,71,4,00:01:15
Robyn Crawford,1,1/11/2010,31,"1,098",2137,47,71,4,00:01:15
Joy Law,0,2/7/2010,16,764,950,69,71,4,00:01:15
Bob Gibson,0,2/7/2010,4,440,238,69,71,4,00:01:15
Virginia McNeill,0,1/29/2010,1,24,64,1,68,4,00:01:15
Stacy Byrne,0,1/29/2010,5,30,318,1,68,4,00:01:15
Philip Hawkins,1,1/8/2010,3,139,166,6,66,4,00:01:15
Lester Carver,1,1/11/2010,34,170,1962,6,66,4,00:01:15
Allen Nash,0,2/10/2010,24,172,1319,4,66,4,00:01:15
Timothy Reese,0,3/5/2010,36,350,2052,9,66,4,00:01:15
Tamara Dickinson,0,2/19/2010,10,232,608,11,62,4,00:01:15
Ross Tucker,0,2/19/2010,3,126,182,11,62,4,00:01:15
Peggy Palmer,0,2/12/2010,17,564,1003,49,61,4,00:01:15
Penny Ross,0,2/16/2010,1,44,64,12,61,4,00:01:15
Edward Leonard,0,2/16/2010,4,117,257,12,61,4,00:01:15
Janet Combs,0,3/7/2010,7,808,410,49,61,4,00:01:15
Darlene Clapp,0,3/7/2010,26,808,1524,49,61,4,00:01:15
Geraldine Boyle,0,1/21/2010,9,194,542,4,60,4,00:01:15
Gail Currin,0,2/6/2010,3,70,190,4,60,4,00:01:15
Stacey Lucas,0,2/6/2010,1,55,63,4,60,4,00:01:15
Marsha Grossman,0,1/18/2010,13,"1,634",739,1,58,4,00:01:15
Chris Pritchard,0,1/29/2010,1,37,67,14,55,4,00:01:15
Eugene Levy,0,1/29/2010,1,28,67,14,55,4,00:01:15
Kristine Johnson,0,2/28/2010,4,148,214,7,55,4,00:01:15
Hazel Dale,0,2/28/2010,15,282,803,7,55,4,00:01:15
Judy Barrett,0,3/10/2010,13,440,637,10,52,4,00:01:15
Joe Love,0,3/10/2010,50,773,2451,10,52,4,00:01:15
William Crawford,0,3/13/2010,9,330,478,10,52,4,00:01:15
Neil Curtis,0,3/13/2010,34,599,1807,10,52,4,00:01:15
Kathleen Zhang,0,2/27/2010,22,98,1102,22,51,4,00:01:15
Janet Zhang,0,2/27/2010,6,98,301,22,51,4,00:01:15
Cameron Owens,0,2/5/2010,46,14,2188,20,50,4,00:01:15
Joseph Hurst,0,2/21/2010,5,77,251,20,50,4,00:01:15
Evan Sharpe Davenport,0,2/21/2010,18,77,902,20,50,4,00:01:15
Crystal Crabtree,0,1/18/2010,29,230,1379,6,49,4,00:01:15
Adam G Sawyer,0,2/26/2010,3,100,145,4,49,4,00:01:15
Tracy Dyer,0,3/13/2010,31,119,1527,4,48,4,00:01:15
Sara Epstein,0,3/13/2010,8,44,394,4,48,4,00:01:15
Ruth Dudley,0,3/2/2010,38,234,1409,5,46,4,00:01:15
Edward McDaniel,0,3/2/2010,10,330,371,5,46,4,00:01:15
Bryan Dunlap,0,2/4/2010,37,523,1697,2,45,4,00:01:15
Clyde Burnett,0,1/29/2010,10,274,454,9,44,4,00:01:15
Joe Keith Simpson,0,1/29/2010,41,144,1863,9,44,4,00:01:15
Judith Townsend,1,1/5/2010,3,280,131,17,43,4,00:01:15
Annie Rouse,1,1/4/2010,1,15,42,3,41,4,00:01:15
Marshall Sutherland,1,1/4/2010,3,19,125,3,41,4,00:01:15
Sandra Berry,1,1/14/2010,10,210,401,7,41,4,00:01:15
Joel Huffman,1,1/14/2010,3,67,120,7,41,4,00:01:15
Courtney McBride,1,1/15/2010,11,"2,692",3902,30,351,4,00:01:15
Russell W Melton,1,1/15/2010,45,"1,711",15963,30,351,4,00:01:15
Danny Richmond,1,1/15/2010,27,181,1603,4,60,4,00:01:15
Veronica Garrett,1,1/16/2010,28,45,261,1,9,4,00:01:15
Marsha Roy,1,1/16/2010,7,45,65,1,9,4,00:01:15
Priscilla Brandon,1,1/16/2010,11,21,23,1,2,4,00:01:15
Lois Morse,1,1/13/2010,4,83,9,5,2,4,00:01:15
Eric Cole,1,1/13/2010,17,107,39,5,2,4,00:01:15
Edward Pugh,1,1/13/2010,13,107,661,5,48,4,00:01:15
Marjorie Arthur,1,1/13/2010,3,105,153,5,48,4,00:01:15
Gretchen Best Wilkins,0,2/19/2010,22,381,955,34,41,4,00:01:15
Adam Saunders Gray,0,2/27/2010,6,171,248,7,41,4,00:01:15
Steve Raynor,0,3/2/2010,2,55,82,7,41,4,00:01:15
June Roberts,0,3/2/2010,8,55,328,7,41,4,00:01:15
Pauline Finch,0,1/28/2010,10,234,393,7,40,1,00:01:15
Christopher Norton Patterson,0,2/21/2010,12,317,460,2,39,1,00:01:15
Tracy Buckley,0,2/24/2010,22,2,835,13,38,1,00:01:15
Joel Erickson,1,1/7/2010,2,262,62,1,36,1,00:01:15
Eugene Clayton,1,1/7/2010,1,211,31,1,36,1,00:01:15
Jeanne Hendricks,0,2/5/2010,26,121,846,5,36,1,00:01:15
Ann Steele,0,2/5/2010,7,121,228,5,36,1,00:01:15
Milton Harrell,0,2/27/2010,20,126,606,6,36,1,00:01:15
Allen Perry,0,2/27/2010,5,114,152,6,36,1,00:01:15
Sherri Kramer,0,3/11/2010,33,369,987,3,36,1,00:01:15
Gilbert Scarborough,0,3/19/2010,39,454,1233,6,36,1,00:01:15
Amy Ellis Holder,0,3/19/2010,10,218,316,6,36,1,00:01:15
Sandra Faulkner,0,2/23/2010,50,145,1633,8,35,1,00:01:15
Claudia Webb,0,2/23/2010,13,145,425,8,35,1,00:01:15
Glenda Herbert,0,3/7/2010,1,160,37,8,35,1,00:01:15
Jessica Hines,0,3/7/2010,5,160,186,8,35,1,00:01:15
Crystal Floyd,1,1/11/2010,34,168,1178,2,34,1,00:01:15
Lynn Morrow,0,2/8/2010,5,158,169,19,34,2,00:01:15
Carmen Barrett,0,2/8/2010,18,158,610,19,34,2,00:01:15
Matthew Stuart,0,2/24/2010,11,271,392,5,34,2,00:01:15
Christina Zhu,0,2/24/2010,42,565,1498,5,34,2,00:01:15
Marjorie Burnette,0,1/23/2010,6,202,187,6,33,2,00:01:15
Sylvia Barr,0,1/23/2010,2,20,62,6,33,2,00:01:15
Johnny Reid,0,2/24/2010,8,87,273,9,33,2,00:01:15
Nelson Hensley,0,2/24/2010,30,87,1025,9,33,2,00:01:15
Don Cameron,0,1/23/2010,9,"2,178",304,46,32,2,00:01:15
Alice Eason,0,1/23/2010,37,"2,810",1251,46,32,2,00:01:15
Lawrence Haas,0,1/27/2010,39,"1,940",1243,35,32,2,00:01:15
Betty Giles,0,1/27/2010,10,333,319,35,32,2,00:01:15
Patrick Byrne,0,1/28/2010,8,"1,116",275,35,32,2,00:01:15
Cindy Harvey,0,2/1/2010,11,232,337,2,32,2,00:01:15
Karl Knowles,1,1/8/2010,34,173,1090,5,31,2,00:01:15
Catherine Powell,1,1/8/2010,9,896,288,5,31,2,00:01:15
Cameron Corbett,0,1/17/2010,10,240,286,20,31,2,00:01:15
Larry Hall,0,1/25/2010,42,195,1313,6,31,2,00:01:15
Denise Poole,0,1/25/2010,11,29,344,6,31,2,00:01:15
Leslie Hawley,0,2/7/2010,46,602,1399,3,31,2,00:01:15
Regina Williamson,0,2/7/2010,12,96,365,3,31,2,00:01:15
Joan Bowers,0,3/1/2010,46,386,1420,9,31,2,00:01:15
Stephanie Hawkins,0,3/3/2010,29,45,862,4,31,2,00:01:15
Anita Brock,1,1/14/2010,11,191,334,9,30,2,00:01:15
Tina Evans,1,1/14/2010,43,247,1307,9,30,2,00:01:15
Wade Rosenthal,0,1/23/2010,12,267,387,1,30,2,00:01:15
Catherine Dorsey Burnett,0,1/23/2010,46,284,1482,1,30,2,00:01:15
Lynn O'Donnell,0,2/9/2010,13,259,375,2,30,2,00:01:15
Rebecca Larson,0,2/9/2010,50,475,1442,2,30,2,00:01:15
Brandon Neal,1,1/15/2010,35,136,1009,9,29,2,00:01:15
Darlene McLean,0,2/27/2010,10,202,292,9,29,2,00:01:15
Grace Black,0,2/27/2010,39,387,1140,9,29,2,00:01:15
Geraldine Case,1,1/6/2010,2,35,55,2,28,2,00:01:15
Carrie McIntosh,1,1/6/2010,6,46,166,2,28,2,00:01:15
Charlie Byrd,1,1/7/2010,29,"2,174",654,53,21,2,00:01:15
Lawrence Dennis,1,1/7/2010,5,690,1000,12,194,2,00:01:15
Courtney Boyd,1,1/7/2010,21,465,4201,12,194,2,00:01:15
Marcia Kemp Stein,1,1/7/2010,2,234,234,26,121,2,00:01:15
Leah Clapp,1,1/7/2010,8,802,1191,18,145,2,00:01:15
Don Rogers,1,1/7/2010,3,75,551,6,206,2,00:01:15
Bruce Kahn,1,1/7/2010,11,97,2021,6,206,2,00:01:15
Jordan Hahn,1,1/6/2010,6,135,615,36,101,2,00:01:15
James Hunter,1,1/6/2010,23,174,2357,36,101,2,00:01:15
Marshall Moody,1,1/7/2010,8,"13,706",6969,45,881,2,00:01:15
Heidi Fisher,1,1/7/2010,30,"17,686",26133,45,881,2,00:01:15
Marlene Wood,1,1/8/2010,46,65,1414,14,28,2,00:01:15
Melanie Knight,1,1/8/2010,12,89,369,14,28,2,00:01:15
Kristine Connolly,0,1/18/2010,39,80,1101,6,28,2,00:01:15
Jose Block,0,1/18/2010,10,66,282,6,28,2,00:01:15
Nicholas Gordon,0,3/2/2010,25,219,667,2,28,2,00:01:15
Ricky Allred,0,3/2/2010,6,17,160,2,28,2,00:01:15
Sarah Ramsey,0,1/27/2010,15,156,404,14,26,2,00:01:15
Raymond O'Connor,0,1/27/2010,4,58,108,14,26,2,00:01:15
Maria Thomas,1,1/8/2010,1,17,25,9,23,2,00:01:15
Craig Bennett,1,1/8/2010,3,26,76,9,23,2,00:01:15
Teresa Wallace,0,1/20/2010,37,70,832,9,23,2,00:01:15
Kristina Collier,0,1/20/2010,9,678,202,9,23,2,00:01:15
Monica Harvey,0,1/17/2010,26,31,566,8,23,2,00:01:15
Joanna Kenney,0,1/17/2010,7,358,152,8,23,2,00:01:15
Oscar Short,0,3/12/2010,25,118,591,8,23,2,00:01:15
Kathleen Huang Hall,0,3/12/2010,6,110,142,8,23,2,00:01:15
Roger Schwartz,1,1/4/2010,12,234,263,21,21,2,00:01:15
Danny Hong,1,1/4/2010,3,181,66,21,21,2,00:01:15
Jay Fuller,1,1/9/2010,30,24,611,9,21,2,00:01:15
Kristin Ellis,0,2/23/2010,19,851,467,53,21,2,00:01:15
Paige Mason,0,2/23/2010,5,282,123,53,21,2,00:01:15
Melvin Hampton,0,3/11/2010,11,96,194,3,21,2,00:01:15
Anne Schultz,0,3/11/2010,44,96,774,3,21,2,00:01:15
Sherri F Vogel,1,1/10/2010,6,246,159,35,20,2,00:01:15
Francis Ayers,1,1/10/2010,2,53,53,35,20,2,00:01:15
Derek McCormick,1,1/14/2010,29,86,578,11,20,2,00:01:15
Jamie Roberson,1,1/14/2010,7,67,139,11,20,2,00:01:15
Julian Keith Mayer,1,1/14/2010,14,589,2691,68,208,2,00:01:15
Sharon Payne,0,1/14/2010,4,138,769,68,208,2,00:01:15
David Weaver,0,1/14/2010,23,570,7203,27,306,2,00:01:15
Edgar Greenberg,0,1/15/2010,8,41,734,20,90,2,00:01:15
Vicki Womble,0,1/15/2010,14,3,63,1,4,2,00:01:15
Paul Puckett,0,1/15/2010,2,12,183,20,90,2,00:01:15
Carlos Hess,0,1/15/2010,4,105,18,1,4,2,00:01:15
Calvin Moser,0,1/16/2010,23,511,7484,59,321,2,00:01:15
Cindy McLeod,0,1/16/2010,6,972,1952,59,321,2,00:01:15
Beverly Heller,0,1/16/2010,3,9,39,7,9,2,00:01:15
Yvonne Clarke,0,1/22/2010,19,4,354,9,20,2,00:01:15
Phillip Chappell,0,1/22/2010,5,7,93,9,20,2,00:01:15
Brian Grady,0,1/23/2010,40,28,752,9,20,2,00:01:15
Geoffrey Spivey,0,1/22/2010,9,66,206,14,20,2,00:01:15
Gina Stokes,0,2/14/2010,30,108,630,9,20,2,00:01:15
Wayne Williamson,0,2/14/2010,8,108,168,9,20,2,00:01:15
Brian Bennett,0,2/12/2010,44,61,951,14,20,2,00:01:15
Justin Day,0,2/12/2010,11,16,238,14,20,2,00:01:15
Carolyn Hoffman,0,2/15/2010,47,208,1003,9,20,2,00:01:15
Vanessa Day,0,3/7/2010,9,2,187,9,20,2,00:01:15
Joanne Church,0,3/8/2010,2,28,44,11,20,2,00:01:15
Dwight M Carr,0,3/8/2010,9,28,196,11,20,2,00:01:15
Kristin Richards,0,12/30/2013,62,222,1346,4,20,2,00:01:15
Rodney Proctor,0,12/30/2013,16,450,347,4,20,2,00:01:15
Bonnie Matthews Rowland,0,1/16/2010,3,9,57,10,19,2,00:01:15
Yvonne Collier,0,1/16/2010,13,12,246,10,19,2,00:01:15
Eddie Walker,0,1/21/2010,1,24,20,9,19,2,00:01:15
Paul Chappell,0,1/21/2010,5,31,99,9,19,2,00:01:15
Diana Griffin,0,2/20/2010,1,"1,748",21,9,19,2,00:01:15
Kimberly Reilly,0,2/22/2010,24,167,479,6,19,2,00:01:15
Edward Chappell,0,2/22/2010,6,"2,133",120,6,19,2,00:01:15
Janice Boswell,0,3/10/2010,11,152,221,6,19,2,00:01:15
Kathy Shah,0,2/7/2010,14,52,262,9,18,2,00:01:15
Robyn Stafford,1,1/8/2010,46,319,737,13,16,2,00:01:15
Tammy Goldman,1,1/8/2010,12,247,192,13,16,2,00:01:15
Thelma Adcock,0,1/19/2010,8,145,128,2,16,2,00:01:15
Angela Norris,0,1/19/2010,17,336,279,18,16,2,00:01:15
Molly Watson,0,1/20/2010,5,84,83,9,16,2,00:01:15
Debra Proctor,0,1/20/2010,20,108,331,9,16,2,00:01:15
Helen Stein,0,1/21/2010,47,112,672,1,16,2,00:01:15
Monica Howard,0,1/30/2010,23,231,362,9,16,2,00:01:15
Marjorie Bailey,1,1/2/2010,43,99,615,2,15,2,00:01:15
Alex Nicholson,1,1/2/2010,11,109,157,2,15,2,00:01:15
Neal Davidson,1,1/9/2010,23,8,324,4,15,2,00:01:15
Vicki Hauser,1,1/9/2010,6,46,85,4,15,2,00:01:15
Marsha P Joyner,0,1/20/2010,13,143,196,13,15,2,00:01:15
Alexandra Lopez,0,1/20/2010,3,220,45,13,15,2,00:01:15
Earl Alston,0,1/22/2010,9,22,141,10,15,2,00:01:15
Ashley Hurley,0,1/22/2010,36,28,563,10,15,2,00:01:15
Rick Ellis,0,2/9/2010,38,254,607,15,15,2,00:01:15
Courtney Nelson,1,1/12/2010,5,28,73,7,14,2,00:01:15
Dean Shapiro Britt,1,1/12/2010,18,36,263,7,14,2,00:01:15
Alison Jones,0,1/24/2010,24,18,360,7,14,2,00:01:15
Constance Gould,0,1/24/2010,6,14,90,7,14,2,00:01:15
Leslie Jacobson,0,1/27/2010,8,82,119,5,14,2,00:01:15
Glenda Simon,0,2/5/2010,12,68,171,6,14,2,00:01:15
Ronnie Armstrong,0,2/5/2010,47,68,671,6,14,2,00:01:15
Thelma Hester,0,2/11/2010,7,37,104,8,14,2,00:01:15
Rodney Kearney,0,2/11/2010,2,534,30,8,14,2,00:01:15
Edgar Stone,0,2/15/2010,13,3,198,7,14,2,00:01:15
Michael Tanner,0,2/25/2010,4,37,57,9,14,2,00:01:15
Marvin MacDonald,0,2/25/2010,17,37,241,9,14,2,00:01:15
Alex Watkins,1,1/12/2010,11,557,144,14,13,2,00:01:15
Glenn Gibbs,1,1/12/2010,44,718,575,14,13,2,00:01:15
Harold Albright,0,2/6/2010,9,33,119,1,13,2,00:01:15
Theresa Winters,0,2/6/2010,2,5,26,1,13,2,00:01:15
Jessica Huffman,0,2/13/2010,1,20,19,7,13,2,00:01:15
Alison Peters Wooten,0,2/13/2010,1,20,19,7,13,2,00:01:15
Allison Peacock,0,1/2/2014,5,4,65,5,13,2,00:01:15
Bradley Gordon,0,1/2/2014,20,19,261,5,13,2,00:01:15
Elsie Boykin,1,1/11/2010,43,263,541,9,12,2,00:01:15
Carole Gray,1,1/11/2010,11,204,139,9,12,2,00:01:15
Kent Kerr,1,1/12/2010,12,99,143,2,12,2,00:01:15
Rhonda Ivey,1,1/12/2010,48,52,571,2,12,2,00:01:15
Kristina Sanders,0,1/18/2010,25,16,280,2,12,2,00:01:15
Irene Li,0,1/19/2010,12,1,142,6,12,2,00:01:15
Constance Flowers,0,1/19/2010,3,260,35,6,12,2,00:01:15
Craig Liu,0,1/26/2010,6,29,77,7,12,2,00:01:15
Randy W Hamilton,0,1/26/2010,23,37,295,7,12,2,00:01:15
Ruby Gibbons,0,2/18/2010,15,8,180,7,12,2,00:01:15
Bob Potter,0,2/28/2010,28,1,335,6,12,2,00:01:15
Colleen Andrews,0,2/28/2010,7,216,84,6,12,2,00:01:15
Kristine Singleton,1,1/11/2010,5,23,60,5,11,2,00:01:15
Kristen Brown,1,1/11/2010,18,12,217,5,11,2,00:01:15
Ken Singer,1,1/11/2010,5,497,1133,15,298,2,00:01:15
Holly Osborne,1,1/11/2010,20,261,4531,15,298,2,00:01:15
Amanda Conner,0,2/11/2010,41,78,474,5,11,2,00:01:15
John Abbott,0,2/11/2010,10,189,116,5,11,2,00:01:15
Joe D Dean,0,2/21/2010,33,35,373,5,11,2,00:01:15
Patsy Harmon,0,2/21/2010,8,35,90,5,11,2,00:01:15
Tiffany Grossman Hardin,0,2/22/2010,8,231,90,13,11,2,00:01:15
Susan Bowers,0,2/22/2010,31,307,350,13,11,2,00:01:15
Allan Dickinson,0,3/2/2010,9,155,106,11,11,2,00:01:15
Stacy Fitzpatrick,0,3/2/2010,37,155,435,11,11,2,00:01:15
Sandy Hunt,0,3/6/2010,44,123,480,3,11,2,00:01:15
Lynne Solomon Lawson,0,3/6/2010,11,2,120,3,11,2,00:01:15
Rosemary Hedrick,1,1/7/2010,3,25,31,2,10,2,00:01:15
Melinda Rogers,1,1/10/2010,49,"5,776",28359,24,575,2,00:01:15
Carole Weinstein,1,1/10/2010,12,112,6945,24,575,2,00:01:15
Betsy Puckett,1,1/5/2010,1,489,347,30,351,2,00:01:15
Arthur Herring,1,1/5/2010,3,632,1040,30,351,2,00:01:15
Annie Horne,0,1/22/2010,9,61,89,2,10,2,00:01:15
Constance Dickens,0,2/7/2010,15,103,150,13,10,2,00:01:15
Oscar Kenney,0,2/22/2010,3,82,31,9,10,2,00:01:15
Willie Robinson,0,2/21/2010,12,54,120,6,10,1,00:01:15
Gene Gilliam,0,2/21/2010,49,54,492,6,10,10,00:01:15
Meredith Pearson,0,2/26/2010,31,23,306,6,10,1,00:01:15
Charles Ward,0,3/4/2010,1,4,12,2,10,1,00:01:15
Eleanor Swain,0,3/4/2010,1,4,12,2,10,1,00:01:15
Max Mayer,0,3/6/2010,11,74,108,1,10,1,00:01:15
Randall Beasley,0,3/6/2010,45,187,440,1,10,1,00:01:15
Ernest Oh,1,1/4/2010,16,11,138,2,9,1,00:01:15
Ellen McCormick,1,1/4/2010,4,20,34,2,9,1,00:01:15
Ryan McKenzie,0,1/16/2010,1,239,13,7,9,1,00:01:15
Jean Weiss Diaz,0,1/15/2010,12,33,112,6,9,1,00:01:15
Priscilla Crowell,0,1/15/2010,48,43,448,6,9,1,00:01:15
Stuart C Robinson,0,2/20/2010,4,11,47,1,9,1,00:01:15
Benjamin Kaufman,0,2/20/2010,1,24,12,1,9,1,00:01:15
Alicia Curtis,0,2/23/2010,9,64,76,6,9,1,00:01:15
Lee Xu,0,2/23/2010,37,64,312,6,9,1,00:01:15
Victor Roberson Sanchez,0,3/8/2010,33,90,310,8,9,1,00:01:15
Natalie Dale,0,3/12/2010,9,46,79,6,9,1,00:01:15
Mildred Chase,0,3/12/2010,36,46,318,6,9,1,00:01:15
Lee McKenna Gregory,1,1/6/2010,6,40,47,6,8,1,00:01:15
Ricky Garner,1,1/6/2010,24,52,189,6,8,1,00:01:15
Gerald Love,1,1/8/2010,1,126,22,6,8,1,00:01:15
Wesley Tate,1,1/12/2010,6,34,50,1,8,1,00:01:15
Sandra Copeland,1,1/12/2010,24,29,199,1,8,2,00:01:15
Suzanne Pennington,0,1/16/2010,7,209,56,9,8,2,00:01:15
Derek McConnell,0,1/16/2010,27,270,218,9,8,2,00:01:15
Anna Ellis,0,1/16/2010,25,129,201,8,8,2,00:01:15
Paul Knowles,0,1/16/2010,6,16,48,8,8,2,00:01:15
Arlene Gibbons,0,1/18/2010,8,45,69,3,8,2,00:01:15
Martin Kirk,0,1/19/2010,18,16,130,1,8,2,00:01:15
Jeremy Pratt,0,1/22/2010,10,13,76,5,8,2,00:01:15
Brian Leach,0,1/23/2010,12,14,98,5,8,2,00:01:15
Kay Perez,0,2/2/2010,2,21,17,6,8,2,00:01:15
Dennis Nixon,0,2/2/2010,6,27,50,6,8,2,00:01:15
Leo Kane,0,2/2/2010,4,1,35,3,8,2,00:01:15
Jessica Brennan,0,2/2/2010,16,0,139,3,8,2,00:01:15
Wendy Miles,0,2/3/2010,11,145,91,8,8,2,00:01:15
Katharine Rowe Harrison,0,2/8/2010,5,7,43,5,8,2,00:01:15
Sidney Gilliam,0,2/8/2010,20,7,173,5,8,2,00:01:15
Toni Owens Poe,0,2/17/2010,5,27,39,1,8,2,00:01:15
Jonathan Lamb,0,2/17/2010,20,57,154,1,8,2,00:01:15
Dean Solomon,0,2/26/2010,3,27,25,2,8,2,00:01:15
Carlos Hanson,0,2/26/2010,1,345,8,2,8,2,00:01:15
Claudia White,0,2/28/2010,6,12,50,2,8,2,00:01:15
Wayne Bass,0,3/4/2010,23,42,188,2,8,2,00:01:15
Henry O'Connell,0,3/4/2010,6,42,49,2,8,2,00:01:15
Joanne Lester,0,3/4/2010,12,74,108,2,8,2,00:01:15
Helen Ferguson,0,3/4/2010,47,82,421,2,8,2,00:01:15
Alice Cassidy,0,3/13/2010,9,"1,677",73,1,8,2,00:01:15
Herbert Holden,1,1/8/2010,19,1,130,5,7,2,00:01:15
Joe Alexander,1,1/8/2010,5,93,34,5,7,2,00:01:15
Sylvia Chambers Levine,0,1/17/2010,2,2,15,2,7,2,00:01:15
Melinda Thornton,0,1/17/2010,7,1,51,2,7,2,00:01:15
Michael Robbins,0,1/24/2010,5,123,38,8,7,2,00:01:15
Joan Farrell,0,1/24/2010,18,159,136,8,7,2,00:01:15
Pam Patton,0,1/29/2010,9,46,67,2,7,2,00:01:15
Regina Creech,0,1/29/2010,36,34,268,2,7,2,00:01:15
Shawn McIntyre,0,2/2/2010,36,36,258,2,7,2,00:01:15
Matthew Berman,0,2/2/2010,9,344,64,2,7,2,00:01:15
Hazel Khan,0,2/5/2010,22,140,179,11,7,2,00:01:15
Zachary G Keller,0,2/5/2010,6,136,49,11,7,2,00:01:15
Don McCormick,0,2/7/2010,3,100,22,7,7,2,00:01:15
Lloyd Dickson,0,2/5/2010,7,167,53,2,7,2,00:01:15
Theodore Tyson,0,2/9/2010,46,66,321,6,7,2,00:01:15
Vanessa Winstead,0,2/12/2010,5,11,31,2,7,2,00:01:15
Stephen Johnston,0,2/12/2010,20,11,125,2,7,2,00:01:15
Colleen Marsh,0,2/13/2010,4,42,30,6,7,2,00:01:15
Lindsay P Ashley,0,2/13/2010,17,42,127,6,7,2,00:01:15
Linda Roth,0,2/21/2010,4,19,28,0,7,2,00:01:15
Sandy Ellington,0,2/21/2010,15,40,104,0,7,2,00:01:15
Juanita Ward,0,2/13/2010,12,167,83,5,7,2,00:01:15
Connie Bunn,0,2/17/2010,28,60,209,6,7,2,00:01:15
Sam Rouse,0,2/27/2010,5,18,31,2,7,2,00:01:15
Marion Lindsey,0,2/27/2010,20,18,126,2,7,2,00:01:15
Joy Corbett,1,1/2/2010,32,179,180,5,6,2,00:01:15
Janice Cole,1,1/4/2010,29,5,173,3,6,2,00:01:15
Irene Kirkland,1,1/6/2010,43,210,257,5,6,2,00:01:15
Carol Clayton,1,1/6/2010,11,781,66,5,6,2,00:01:15
Chris F Brandt,1,1/8/2010,46,361,299,9,6,2,00:01:15
Jeff Beasley,1,1/11/2010,16,136,113,9,6,2,00:01:15
Arthur Gold,1,1/11/2010,4,106,28,9,6,2,00:01:15
Jennifer Currie,1,1/15/2010,13,42,77,6,6,2,00:01:15
Amy York,0,1/20/2010,12,52,76,1,6,2,00:01:15
Vickie Dickerson,0,1/20/2010,47,48,296,1,6,2,00:01:15
Dana Sharpe,0,1/17/2010,12,350,65,8,6,2,00:01:15
Stacy Elliott,0,1/28/2010,3,37,18,5,6,2,00:01:15
Ricky Sanders,0,1/31/2010,10,40,58,1,6,2,00:01:15
Betsy Quinn,0,1/31/2010,41,42,240,1,6,1,00:01:15
Jessie Buckley Stephens,0,2/5/2010,35,99,229,7,6,1,00:01:15
David Wrenn,0,2/5/2010,9,146,59,7,6,1,00:01:15
Joel Mann,0,2/6/2010,36,32,214,3,6,1,00:01:15
Judith Shepherd,0,2/6/2010,9,149,53,3,6,1,00:01:15
Karen Black,0,2/11/2010,6,48,38,5,6,1,00:01:15
Cameron Blalock,0,2/12/2010,31,179,207,10,6,1,00:01:15
Roberta McPherson Barnett,0,2/15/2010,37,164,241,8,6,1,00:01:15
Dorothy Holt,0,2/15/2010,9,164,59,8,6,1,00:01:15
Vivian Simon,0,2/15/2010,2,39,16,10,6,1,00:01:15
Jenny Hawkins,0,2/15/2010,6,39,49,10,6,1,00:01:15
Beth Brandon,0,2/16/2010,24,33,130,1,6,1,00:01:15
Sally House,0,2/19/2010,2,4,17,2,6,1,00:01:15
Gretchen Long,0,2/19/2010,1,4,8,2,6,1,00:01:15
Ben Byrd Goodwin,0,2/20/2010,7,47,45,5,6,1,00:01:15
Laurie Moon,0,2/20/2010,9,38,55,1,6,1,00:01:15
Brandon E Shepherd,0,2/20/2010,29,47,186,5,6,1,00:01:15
Edwin Chung,0,2/22/2010,10,243,59,8,6,1,00:01:15
Mary Camp,0,2/22/2010,41,243,241,8,6,1,00:01:15
Timothy Ross,0,3/8/2010,4,53,27,7,6,1,00:01:15
Kim McCarthy,0,3/8/2010,16,53,108,7,6,1,00:01:15
Martha Bowers,0,3/14/2010,5,75,32,7,6,1,00:01:15
Peter Adams,0,3/14/2010,19,75,123,7,6,1,00:01:15
Barry Cunningham,0,1/13/2014,90,352,521,2,6,1,00:01:15
Nathan McClure,1,1/5/2010,4,52,23,6,5,1,00:01:15
Derek Jernigan,1,1/6/2010,49,223,240,6,5,1,00:01:15
Harvey Upchurch,1,1/10/2010,11,86,69,8,5,1,00:01:15
Janet May,1,1/10/2010,3,67,19,8,5,1,00:01:15
Malcolm Singleton,1,1/11/2010,8,159,44,5,5,1,00:01:15
Sidney Greenberg,1,1/11/2010,30,206,165,5,5,1,00:01:15
Clarence Willis,0,1/20/2010,10,76,53,5,5,1,00:01:15
Earl Roy,0,1/22/2010,9,30,43,1,5,1,00:01:15
Oscar Ford,0,1/22/2010,36,33,173,1,5,1,00:01:15
Geoffrey Koch,0,2/1/2010,9,127,48,6,5,1,00:01:15
Roberta Mitchell,0,2/7/2010,8,28,40,1,5,1,00:01:15
Anne Lowry,0,2/7/2010,30,25,150,1,5,1,00:01:15
Heather Stern,0,2/5/2010,36,32,181,4,5,1,00:01:15
Paige Braswell,0,2/6/2010,46,123,237,1,5,1,00:01:15
Donna Braun,0,2/6/2010,12,99,62,1,5,1,00:01:15
Daniel Huff,0,2/18/2010,10,112,56,5,5,1,00:01:15
Christopher Bryant,0,2/18/2010,41,112,228,5,5,1,00:01:15
Kevin Erickson,0,2/18/2010,44,9,242,3,5,1,00:01:15
Richard McClure,0,2/21/2010,10,35,51,1,5,1,00:01:15
Samuel Newman,0,2/21/2010,39,101,199,1,5,1,00:01:15
Joanne Sinclair,0,2/23/2010,7,98,34,5,5,1,00:01:15
Alvin Mullins,0,2/28/2010,6,5,35,3,5,1,00:01:15
Dana Rankin,0,2/28/2010,22,5,127,3,5,1,00:01:15
Bradley Pollock,0,3/11/2010,36,174,175,8,5,1,00:01:15
Albert Maxwell,0,3/11/2010,9,45,44,8,5,1,00:01:15
Mary Washington Hudson,1,1/4/2010,7,19,30,1,4,1,00:01:15
Carol Sherrill,1,1/4/2010,29,10,122,1,4,1,00:01:15
Ted Dunlap,1,1/6/2010,11,6,40,2,4,1,00:01:15
Colleen Rose,1,1/6/2010,42,3,151,2,4,1,00:01:15
Marion Bowling,1,1/8/2010,4,11,16,1,4,1,00:01:15
Robyn Zhou,1,1/10/2010,2,48,10,7,4,1,00:01:15
April Henson,1,1/10/2010,9,52,46,7,4,1,00:01:15
Allison Kirby,1,1/13/2010,7,129,33,7,4,1,00:01:15
Miriam Mueller,1,1/13/2010,29,166,138,7,4,1,00:01:15
Phyllis Payne,1,1/18/2010,19,363,6992,12,400,1,00:01:15
Lisa Kim,1,1/18/2010,5,29,1840,12,400,1,00:01:15
Eva Silverman,1,1/13/2010,40,910,1030,20,28,1,00:01:15
Amy Hamrick Melvin,1,1/13/2010,10,225,258,20,28,1,00:01:15
Johnny Katz,0,1/17/2010,27,6,113,1,4,1,00:01:15
Geoffrey Zhu,0,1/17/2010,7,11,29,1,4,1,00:01:15
Tim Hendrix,0,1/19/2010,11,0,50,2,4,1,00:01:15
Marianne Carey,0,1/19/2010,3,20,14,2,4,1,00:01:15
Angela Howard Hines,0,1/23/2010,33,225,140,7,4,1,00:01:15
Jimmy Bland,0,2/17/2010,6,15,24,1,4,1,00:01:15
Cynthia Elmore,0,2/19/2010,37,105,159,5,4,1,00:01:15
Tara Powers Underwood,0,2/19/2010,9,105,39,5,4,1,00:01:15
Neil Song,0,2/21/2010,12,31,45,1,4,1,00:01:15
Eric Stark,0,2/21/2010,48,55,180,1,4,1,00:01:15
Lisa Sykes,0,2/22/2010,9,185,39,7,4,1,00:01:15
Laurence Cummings,0,2/22/2010,37,246,160,7,4,1,00:01:15
Mitchell Goldberg,0,2/27/2010,2,8,7,2,4,1,00:01:15
Seth Merrill,0,3/4/2010,3,1,12,1,4,1,00:01:15
Edward Davenport Graves,0,3/4/2010,1,38,4,1,4,1,00:01:15
Keith Hobbs,0,3/14/2010,31,37,131,1,4,1,00:01:15
Samantha Sherrill,0,3/14/2010,1,12,6,5,4,1,00:01:15
Kathy Hinton,0,3/14/2010,3,12,18,5,4,1,00:01:15
Patsy Merritt,1,1/5/2010,4,94,15,6,3,1,00:01:15
Elisabeth Shaw,1,1/5/2010,17,122,63,6,3,1,00:01:15
Beth Buckley,1,1/8/2010,7,91,25,4,3,1,00:01:15
Jordan Wilkinson,1,1/9/2010,44,187,145,4,3,1,00:01:15
Tammy Meyers,1,1/9/2010,11,145,36,4,3,1,00:01:15
Lynn Hines,1,1/11/2010,39,5,122,1,3,1,00:01:15
Faye Lassiter,1,1/11/2010,6,5,16,1,3,1,00:01:15
Jimmy Dawson,1,1/11/2010,24,7,64,1,3,1,00:01:15
Gregory Rao,1,1/14/2010,12,88,30,2,3,1,00:01:15
Mike G Hartman,1,1/14/2010,47,114,118,2,3,1,00:01:15
Harriet Moore,1,1/11/2010,5,67,17,4,3,1,00:01:15
Jean Webster,1,1/11/2010,19,86,63,4,3,1,00:01:15
Rhonda Schroeder,0,1/16/2010,2,173,6,1,3,1,00:01:15
Douglas Sutton,0,1/16/2010,5,22,16,2,3,1,00:01:15
Pauline Denton,0,1/16/2010,20,28,63,2,3,1,00:01:15
Denise Carver,0,1/19/2010,41,3,108,1,3,1,00:01:15
Jason Maynard,0,1/19/2010,10,6,26,1,3,1,00:01:15
Ross Simpson,0,1/24/2010,12,442,33,1,3,1,00:01:15
Lois Rowland,0,1/28/2010,1,1,3,1,3,1,00:01:15
Neal Wolfe,0,1/28/2010,5,1,15,1,3,1,00:01:15
Sean N Boyer,0,1/28/2010,9,6,25,1,3,1,00:01:15
Roy Hardison,0,2/6/2010,4,9,13,1,3,1,00:01:15
Jeffrey Page,0,2/6/2010,17,21,55,1,3,1,00:01:15
Shannon Aldridge,0,2/8/2010,2,4,7,1,3,1,00:01:15
Susan Carroll Berman,0,2/8/2010,1,4,4,1,3,1,00:01:15
Frances Jackson,0,2/9/2010,12,10,35,1,3,1,00:01:15
Kerry Green,0,2/9/2010,48,10,140,1,3,1,00:01:15
Priscilla Helms,0,2/15/2010,6,3,19,2,3,1,00:01:15
Marvin Parrott,0,2/15/2010,22,3,69,2,3,1,00:01:15
Marion Owens,0,2/26/2010,1,2,4,1,3,1,00:01:15
Brenda Bynum,0,2/26/2010,1,2,4,1,3,1,00:01:15
Wayne Lutz,0,3/6/2010,7,66,25,4,3,1,00:01:15
Christina Matthews,0,3/11/2010,21,949,119,49,3,1,00:01:15
Ron Perez,1,1/6/2010,11,1,20,1,2,1,00:01:15
Barbara Lam,1,1/6/2010,43,1,78,1,2,1,00:01:15
Robyn Lyon,1,1/7/2010,17,0,37,1,2,1,00:01:15
Claude Finch,1,1/7/2010,4,"1,474",9,1,2,1,00:01:15
Nathan Fox,1,1/7/2010,27,59,47,2,2,1,00:01:15
Meredith Riley,1,1/7/2010,7,80,12,2,2,1,00:01:15
Jennifer Siegel,1,1/8/2010,1,14,4,5,2,1,00:01:15
Gail Rankin Cole,1,1/8/2010,3,19,11,5,2,1,00:01:15
Cameron Kendall,1,1/8/2010,1,"2,870",707,24,700,1,00:01:15
Terri Bond,1,1/8/2010,3,"3,704",2120,24,700,1,00:01:15
Carla Starr,1,1/8/2010,2,78,13121,24,"6,783",1,00:01:15
Teresa Hancock,1,1/8/2010,7,41,45924,24,"6,783",1,00:01:15
Marc Nash,1,1/12/2010,6,3,12,1,2,1,00:01:15
Patrick Rosenthal,1,1/14/2010,8,2,14,1,2,1,00:01:15
Roberta Cook,1,1/14/2010,33,1,58,1,2,1,00:01:15
Nancy Holden,0,1/17/2010,10,4,19,1,2,1,00:01:15
Renee Wade,0,1/17/2010,46,452,249,8,6,1,00:01:15
Phillip Pollard,0,1/17/2010,35,7,504,6,13,1,00:01:15
Ruby Knox,0,1/17/2010,9,254,130,6,13,1,00:01:15
Jean Khan,0,1/18/2010,1,537,187,29,179,1,00:01:15
Jack Kirk,0,1/18/2010,2,693,373,29,179,1,00:01:15
Harriet Bowman,0,1/18/2010,2,106,227,14,111,1,00:01:15
Ethel Branch,0,1/18/2010,6,137,680,14,111,1,00:01:15
Faye Manning,0,1/18/2010,9,2,19,1,2,1,00:01:15
Ellen Ennis Lehman,0,1/18/2010,36,1,76,1,2,1,00:01:15
Jeffrey Mueller,0,1/19/2010,12,53,20,2,2,1,00:01:15
Theodore Rubin,0,1/19/2010,46,69,78,2,2,1,00:01:15
Ernest Branch,0,1/26/2010,1,11,3,4,2,1,00:01:15
Robyn Garner,0,1/30/2010,3,7,7,2,2,1,00:01:15
Arlene Long,0,1/30/2010,1,5,2,2,2,1,00:01:15
Marcia Feldman,0,2/5/2010,32,167,74,6,2,1,00:01:15
Caroline Kay,0,2/5/2010,8,299,19,6,2,1,00:01:15
Edwin Coley,0,2/5/2010,10,51,17,2,2,1,00:01:15
Josephine Rao,0,2/5/2010,40,51,70,2,2,1,00:01:15
Katherine Kendall,0,2/20/2010,4,8,11,3,2,1,00:01:15
Lois Hamilton,0,3/3/2010,3,30,7,5,2,1,00:01:15
Max Hubbard,0,3/10/2010,9,129,20,5,2,1,00:01:15
Pamela Wiley,0,3/10/2010,34,129,74,5,2,1,00:01:15
Hazel Jennings,0,1/30/2010,13,4,15,1,1,1,00:01:15
Richard McLaughlin,0,1/30/2010,50,5,56,1,1,1,00:01:15
Sherri Baker,0,2/2/2010,38,0,45,1,1,1,00:01:15
